[
    {
        "name": "address",
        "type": "STRING",
        "mode": "NULLABLE"
    },
    {
        "name": "chain_funded_txo_count",
        "type": "INTEGER",
        "mode": "NULLABLE"
    },
    {
        "name": "chain_funded_txo_sum",
        "type": "INTEGER",
        "mode": "NULLABLE"
    },
    {
        "name": "chain_spent_txo_count",
        "type": "INTEGER",
        "mode": "NULLABLE"
    },
    {
        "name": "chain_spent_txo_sum",
        "type": "INTEGER",
        "mode": "NULLABLE"
    },
    {
        "name": "chain_tx_count",
        "type": "INTEGER",
        "mode": "NULLABLE"
    },
    {
        "name": "mempool_funded_txo_count",
        "type": "INTEGER",
        "mode": "NULLABLE"
    },
    {
        "name": "mempool_funded_txo_sum",
        "type": "INTEGER",
        "mode": "NULLABLE"
    },
    {
        "name": "mempool_spent_txo_count",
        "type": "INTEGER",
        "mode": "NULLABLE"
    },
    {
        "name": "mempool_spent_txo_sum",
        "type": "INTEGER",
        "mode": "NULLABLE"
    },
    {
        "name": "mempool_tx_count",
        "type": "INTEGER",
        "mode": "NULLABLE"
    }
]