{"Modules":[{"Key":"","Source":"","Dir":"."},{"Key":"buckets_creation","Source":"./terraform/gcs_buckets","Dir":"terraform/gcs_buckets"},{"Key":"dataflow_pipeline","Source":"./terraform/dataflow","Dir":"terraform/dataflow"},{"Key":"dataset_creation","Source":"./terraform/bigquery","Dir":"terraform/bigquery"},{"Key":"pubsub_and_cloud_function","Source":"./terraform/pubsub_and_cloud_function","Dir":""},{"Key":"pubsub_and_cloud_functions","Source":"./terraform/pubsub_and_cloud_functions","Dir":"terraform/pubsub_and_cloud_functions"},{"Key":"service_accounts_creation","Source":"./terraform/service_accounts","Dir":"terraform/service_accounts"}]}